Version,Time,Total Gates,Non-XOR Gates
0,14.238416532,7366376,4220265
1,10.45587699,7366376,2155565
2,8.78036308,6822632,1935789
3,8.428656584,6769820,1874720
4,7.919823862,6717340,1821471
5,6.452876989,6717340,1821471
6,5.714601305,6717340,1821471
7,3.189555391,6717340,1821471
8,2.317192831,5972956,1603743
9,1.815048827,5972956,1603743
10,1.291853902,5539148,1493909
11,0.787331229,5539117,1493912
